,City,Cloudiness,Country,Date,Humidity,Latitude,Longitude,Max Temp,Wind Speed
0,mataura,99,NZ,2019-09-29 19:13:21,90,-46.19,168.86,45,4
1,yar-sale,99,RU,2019-09-29 19:13:22,77,66.83,70.83,32.09,10.92
2,bitung,20,ID,2019-09-29 19:13:22,88,1.44,125.19,75.2,1.12
3,mahibadhoo,100,MV,2019-09-29 19:13:22,72,3.78,72.97,82.13,11.23
4,cape town,20,ZA,2019-09-29 19:13:22,72,-33.93,18.42,60.01,13.87
5,port alfred,100,ZA,2019-09-29 19:13:22,95,-33.59,26.89,61,7
6,avarua,64,CK,2019-09-29 19:13:03,73,-21.21,-159.78,71.6,13.87
7,butaritari,83,KI,2019-09-29 19:13:22,62,3.07,172.79,85.73,8.34
8,enshi,76,CN,2019-09-29 19:13:23,66,30.29,109.48,59.27,3.74
9,atuona,15,PF,2019-09-29 19:13:23,80,-9.8,-139.03,79.07,20.2
10,east london,40,ZA,2019-09-29 19:13:23,72,-33.02,27.91,66.2,26.4
11,worland,90,US,2019-09-29 19:13:23,75,44.02,-107.96,45,11.41
12,marcona,,,,,,,,
13,new norfolk,75,AU,2019-09-29 19:13:23,97,-42.78,147.06,46.4,10.29
14,busselton,0,AU,2019-09-29 19:13:24,70,-33.64,115.35,55,10.85
15,puerto escondido,90,MX,2019-09-29 19:13:24,73,15.86,-97.07,77,3.36
16,punta arenas,75,CL,2019-09-29 19:13:24,61,-53.16,-70.91,48.2,18.34
17,rikitea,89,PF,2019-09-29 19:13:24,76,-23.12,-134.97,70.97,9.35
18,sorland,99,NO,2019-09-29 19:13:24,77,67.67,12.69,41.99,20.94
19,albany,1,US,2019-09-29 19:09:51,63,42.65,-73.75,68,5.82
20,gigmoto,100,PH,2019-09-29 19:13:24,78,13.78,124.39,83.03,16.67
21,sao felix do xingu,100,BR,2019-09-29 19:13:25,34,-6.64,-51.99,99.23,2.33
22,bambous virieux,20,MU,2019-09-29 19:13:25,88,-20.34,57.76,72,3.36
23,port-gentil,75,GA,2019-09-29 19:13:25,100,-0.72,8.78,75.2,5.82
24,ushuaia,75,AR,2019-09-29 19:13:25,75,-54.81,-68.31,46.4,3.06
25,esperance,0,AU,2019-09-29 19:13:25,93,-33.86,121.89,51.8,11.41
26,dikson,64,RU,2019-09-29 19:13:26,79,73.51,80.55,31.19,4.83
27,jaciara,32,BR,2019-09-29 19:13:26,33,-15.95,-54.98,95.63,5.23
28,talnakh,75,RU,2019-09-29 19:13:26,100,69.49,88.39,30.2,4.47
29,yellowknife,75,CA,2019-09-29 19:13:26,61,62.45,-114.38,46,13.87
30,mar del plata,0,AR,2019-09-29 19:12:44,21,-46.43,-67.52,57.29,38.81
31,bluff,86,AU,2019-09-29 19:13:26,59,-23.58,149.07,66.29,3.4
32,port hedland,0,AU,2019-09-29 19:13:26,83,-20.31,118.58,69.8,8.05
33,bethel,90,US,2019-09-29 19:13:27,93,60.79,-161.76,46.4,24.16
34,hermanus,96,ZA,2019-09-29 19:13:27,92,-34.42,19.24,59,17.67
35,saint-pierre,90,FR,2019-09-29 19:13:27,88,48.95,4.24,66.2,23.04
36,thompson,75,CA,2019-09-29 19:13:27,48,55.74,-97.86,42.8,4.7
37,puerto ayora,20,EC,2019-09-29 19:13:27,57,-0.74,-90.35,78.8,12.75
38,surat thani,20,TH,2019-09-29 19:11:45,93,9.14,99.33,75.29,2.06
39,hofn,17,IS,2019-09-29 19:13:28,72,64.25,-15.21,31.91,11.36
40,hilo,1,US,2019-09-29 19:11:26,74,19.71,-155.08,78.8,10.27
41,saldanha,0,PT,2019-09-29 19:13:28,49,41.42,-6.55,72.59,7.43
42,port elizabeth,75,US,2019-09-29 19:09:09,51,39.31,-74.98,84,8.05
43,cachoeira do sul,0,BR,2019-09-29 19:13:28,50,-30.05,-52.89,80.33,3.89
44,naryan-mar,100,RU,2019-09-29 19:13:28,98,67.67,53.09,38.57,6.26
45,hobart,75,AU,2019-09-29 19:13:28,97,-42.88,147.33,46.4,10.29
46,pisco,40,PE,2019-09-29 19:13:28,30,-13.71,-76.2,71.6,8.05
47,cascais,20,PT,2019-09-29 19:11:51,82,38.7,-9.42,70,21.92
48,lebu,82,ET,2019-09-29 19:13:29,90,8.96,38.73,55.85,4.92
49,bandar-e lengeh,0,IR,2019-09-29 19:13:29,75,26.56,54.88,89.6,4.7
50,tumannyy,,,,,,,,
51,nizhneyansk,,,,,,,,
52,illoqqortoormiut,,,,,,,,
53,tecpan,75,GT,2019-09-29 19:13:29,69,14.76,-90.99,73.4,11.41
54,caravelas,100,BR,2019-09-29 19:13:29,85,-17.73,-39.27,72.77,9.13
55,vaini,98,IN,2019-09-29 19:13:29,91,15.34,74.49,74.93,2.06
56,santa eulalia del rio,,,,,,,,
57,cabo san lucas,75,MX,2019-09-29 19:12:04,58,22.89,-109.91,89.01,17.22
58,gannan,17,CN,2019-09-29 19:13:30,55,47.92,123.49,42.53,6.11
59,santo tomas,40,PH,2019-09-29 19:13:30,94,7.53,125.62,78.8,3.36
60,kapaa,75,US,2019-09-29 19:13:30,78,22.08,-159.32,82.4,12.75
61,coruripe,71,BR,2019-09-29 19:13:30,60,-10.12,-36.18,82.13,12.19
62,saskylakh,0,RU,2019-09-29 19:13:31,90,71.97,114.09,20.75,0.74
63,tasiilaq,0,GL,2019-09-29 19:13:31,59,65.61,-37.64,44.6,4.7
64,hunza,,,,,,,,
65,klyuchi,14,RU,2019-09-29 19:13:31,70,52.25,79.17,35.51,14.74
66,belushya guba,,,,,,,,
67,qaanaaq,47,GL,2019-09-29 19:13:31,64,77.48,-69.36,32.81,8.59
68,harlingen,75,NL,2019-09-29 19:13:31,93,53.18,5.41,63,25.28
69,port blair,0,IN,2019-09-29 19:09:57,79,11.67,92.75,82.13,6.2
70,zhuhai,0,CN,2019-09-29 19:13:32,81,40.71,112.04,51.8,6.71
71,touros,75,BR,2019-09-29 19:13:32,61,-5.2,-35.46,82.4,17.22
72,vale,63,GE,2019-09-29 19:13:32,95,41.62,42.88,44.33,1.39
73,maoming,0,CN,2019-09-29 19:13:32,68,21.67,110.92,74.39,4
74,nipawin,75,CA,2019-09-29 19:13:32,48,53.36,-104.02,42.8,12.75
75,mackay,90,CA,2019-09-29 19:13:32,64,53.65,-115.58,33.8,8.05
76,jamestown,42,AU,2019-09-29 19:13:32,89,-33.21,138.6,43.79,7.47
77,provideniya,87,RU,2019-09-29 19:13:33,92,64.42,-173.23,36.23,2.84
78,kruisfontein,100,ZA,2019-09-29 19:13:33,89,-34,24.73,56.57,19.33
79,kijang,75,KR,2019-09-29 19:13:33,88,35.24,129.21,71.6,3.36
80,castro,75,CL,2019-09-29 19:13:33,61,-42.48,-73.76,50,16.11
81,hualmay,13,PE,2019-09-29 19:13:33,89,-11.1,-77.61,61.25,11.32
82,mentok,,,,,,,,
83,port saint lucie,75,US,2019-09-29 19:12:03,55,27.29,-80.35,88,16.11
84,ahipara,87,NZ,2019-09-29 19:13:34,100,-35.17,173.16,59,26.28
85,isangel,40,VU,2019-09-29 19:13:34,83,-19.55,169.27,71.6,15.12
86,khandyga,0,RU,2019-09-29 19:13:34,61,62.65,135.58,30.11,4.9
87,mukono,20,UG,2019-09-29 19:13:34,88,0.37,32.73,71.6,2.24
88,kodiak,75,US,2019-09-29 19:13:34,83,39.95,-94.76,84.99,9.17
89,noumea,0,NC,2019-09-29 19:10:33,93,-22.28,166.46,73,5.79
90,vila,75,IT,2019-09-29 19:13:35,64,45.18,8.4,72,12.75
91,sinazongwe,11,ZM,2019-09-29 19:13:35,11,-17.26,27.46,70.97,5.14
92,samarai,83,PG,2019-09-29 19:13:35,94,-10.62,150.67,74.57,4.45
93,broome,75,GB,2019-09-29 19:13:35,100,52.47,1.45,59,16.11
94,shestakovo,89,RU,2019-09-29 19:13:35,89,56.49,103.96,29.75,2.04
95,san patricio,0,PY,2019-09-29 19:13:35,25,-26.98,-56.83,92.93,3.94
96,wrexham,20,GB,2019-09-29 19:13:36,87,53.05,-2.99,57.2,8.05
97,antalaha,90,MG,2019-09-29 19:13:36,98,-14.9,50.28,65.75,1.3
98,mys shmidta,,,,,,,,
99,constitucion,75,MX,2019-09-29 19:13:36,49,23.99,-104.67,73,9.17
100,attawapiskat,,,,,,,,
101,sao joao da barra,90,BR,2019-09-29 19:13:36,83,-21.64,-41.05,73.4,5.82
102,luderitz,34,NA,2019-09-29 19:13:36,92,-26.65,15.16,55.85,22.73
103,chara,0,GR,2019-09-29 19:13:37,68,39.42,22.43,71.6,4.5
104,alekseyevsk,99,RU,2019-09-29 19:13:37,94,57.84,108.35,29.03,3.36
105,aksarka,100,RU,2019-09-29 19:13:37,97,66.56,67.8,31.55,13.58
106,hithadhoo,2,MV,2019-09-29 19:13:37,73,-0.6,73.08,82.13,8.86
107,bonavista,100,CA,2019-09-29 19:13:37,84,48.65,-53.11,53.01,4
108,barrow,0,AR,2019-09-29 19:13:38,43,-38.31,-60.23,82.85,16.06
109,tsihombe,,,,,,,,
110,labutta,,,,,,,,
111,samusu,,,,,,,,
112,pecos,1,US,2019-09-29 19:08:59,38,31.42,-103.49,93.2,12.75
113,jiddah,,,,,,,,
114,tarakan,59,ID,2019-09-29 19:13:38,76,3.3,117.63,80.69,0.76
115,hasaki,75,JP,2019-09-29 19:13:38,94,35.73,140.83,72,8.05
116,seoul,1,KR,2019-09-29 19:13:04,106,37.57,126.98,62.6,2.24
117,natal,40,BR,2019-09-29 19:13:38,66,-5.81,-35.21,84.2,16.11
118,ponta do sol,29,BR,2019-09-29 19:13:39,36,-20.63,-46,81.41,6.2
119,tabuk,100,PH,2019-09-29 19:13:39,99,17.41,121.44,64.67,3.06
120,hami,56,CN,2019-09-29 19:13:39,28,42.84,93.51,67.37,1.43
121,khatanga,63,RU,2019-09-29 19:13:39,81,71.98,102.47,25.97,6.53
122,qazvin,21,IR,2019-09-29 19:13:39,93,36.28,50.01,50.81,7.18
123,taolanaro,,,,,,,,
124,novoyegoryevskoye,,,,,,,,
125,castleblayney,20,GB,2019-09-29 19:13:40,87,54.12,-6.74,55,5.82
126,ust-tsilma,100,RU,2019-09-29 19:13:40,91,65.44,52.15,42.35,8.81
127,surt,0,LY,2019-09-29 19:13:40,70,31.21,16.59,77.99,11.99
128,karaul,,,,,,,,
129,airai,77,TL,2019-09-29 19:13:40,71,-8.93,125.41,68.27,3.94
130,tungor,69,RU,2019-09-29 19:13:40,66,53.39,142.95,44.33,24.43
131,praia,40,BR,2019-09-29 19:13:41,42,-20.25,-43.81,86,5.82
132,lorengau,25,PG,2019-09-29 19:13:41,78,-2.02,147.27,77.99,1.25
133,cidreira,9,BR,2019-09-29 19:13:41,67,-30.17,-50.22,70.25,13.4
134,torbay,90,CA,2019-09-29 19:13:41,87,47.66,-52.73,55,13.87
135,makakilo city,40,US,2019-09-29 19:12:03,78,21.35,-158.09,82.99,5.82
136,bengkulu,,,,,,,,
137,matagami,79,NG,2019-09-29 19:13:41,94,9.67,8.4,71.15,6.31
138,bredasdorp,100,ZA,2019-09-29 19:13:42,81,-34.53,20.04,54,4.7
139,bainbridge,20,US,2019-09-29 19:13:42,43,30.9,-84.58,93.2,4.7
140,oranjemund,65,ZA,2019-09-29 19:13:42,87,-28.55,16.43,58.37,15.48
141,okato,83,NZ,2019-09-29 19:13:42,94,-39.19,173.88,48.99,18.99
142,amderma,,,,,,,,
143,yumen,0,CN,2019-09-29 19:13:42,16,40.29,97.04,67.37,4.12
144,sorong,100,ID,2019-09-29 19:13:42,95,-0.86,131.25,73.85,1.74
145,igrim,100,RU,2019-09-29 19:13:43,97,63.19,64.42,36.59,5.59
146,tiruvottiyur,,,,,,,,
147,quelimane,0,MZ,2019-09-29 19:13:43,73,-17.88,36.89,75.2,10.29
148,taltal,4,CL,2019-09-29 19:13:43,66,-25.41,-70.49,59.45,9.13
149,cayenne,0,GF,2019-09-29 19:13:43,59,4.94,-52.33,89.6,12.75
150,bac lieu,,,,,,,,
151,fairbanks,90,US,2019-09-29 19:10:13,81,64.84,-147.72,46.99,1.77
152,chhuikhadan,100,IN,2019-09-29 19:13:44,87,21.52,81,75.65,4.59
153,berlevag,75,NO,2019-09-29 19:13:44,80,70.86,29.09,35.6,8.05
154,severo-kurilsk,99,RU,2019-09-29 19:13:44,86,50.68,156.12,50.45,11.52
155,semnan,35,IR,2019-09-29 19:13:44,35,35.58,53.39,58.55,3.49
156,ilhabela,7,BR,2019-09-29 19:13:44,82,-23.78,-45.36,68.81,17.67
157,richards bay,33,ZA,2019-09-29 19:13:44,77,-28.77,32.06,72.23,23.94
158,huanren,0,CN,2019-09-29 19:13:44,95,41.26,125.37,56.93,2.68
159,liepaja,50,LV,2019-09-29 19:13:45,93,56.52,21.02,57.2,17.22
160,mahebourg,20,MU,2019-09-29 19:13:45,88,-20.41,57.7,72,3.36
161,halalo,,,,,,,,
162,blagnac,0,FR,2019-09-29 19:13:45,33,43.64,1.38,77,9.17
163,tuatapere,96,NZ,2019-09-29 19:13:45,90,-46.13,167.69,45,4
164,barranca,13,PE,2019-09-29 19:13:46,89,-10.75,-77.76,61.25,11.32
165,kaitangata,94,NZ,2019-09-29 19:13:46,77,-46.28,169.85,46,7
166,the valley,40,AI,2019-09-29 19:13:46,70,18.22,-63.06,89.6,9.17
167,ndende,,,,,,,,
168,inhambane,20,MZ,2019-09-29 19:13:46,69,-23.87,35.38,73.4,6.93
169,bodden town,40,KY,2019-09-29 19:13:46,84,19.28,-81.25,87.01,5.82
170,uyemskiy,40,RU,2019-09-29 19:13:46,75,64.47,40.85,46.4,8.95
171,anloga,40,GH,2019-09-29 19:13:47,88,5.79,0.9,80.6,11.41
172,coihaique,75,CL,2019-09-29 19:13:47,99,-45.58,-72.07,46.4,6.93
173,maloshuyka,,,,,,,,
174,souillac,75,FR,2019-09-29 19:13:47,82,45.6,-0.6,68,12.75
175,algiers,90,US,2019-09-29 19:10:06,62,29.94,-90.04,93,11.41
176,turukhansk,99,RU,2019-09-29 19:13:47,95,65.8,87.96,32.81,2.55
177,chuy,1,UY,2019-09-29 19:13:48,75,-33.69,-53.46,65.21,16.31
178,komsomolskiy,100,RU,2019-09-29 19:13:48,99,67.55,63.78,33.53,4.65
179,antofagasta,20,CL,2019-09-29 19:12:05,63,-23.65,-70.4,62.6,12.75
180,swan hill,100,AU,2019-09-29 19:13:48,90,-35.34,143.56,42.53,6.87
181,terra santa,98,BR,2019-09-29 19:13:48,35,-2.1,-56.49,96.89,7.54
182,yamada,75,JP,2019-09-29 19:13:48,94,36.58,137.08,73,2.24
183,cerritos,40,US,2019-09-29 19:13:49,35,33.86,-118.05,73,10.29
184,sulangan,100,PH,2019-09-29 19:13:49,73,11.14,123.72,82.31,7.9
185,nikolskoye,90,RU,2019-09-29 19:13:49,93,59.7,30.79,48.99,4.47
186,grand river south east,,,,,,,,
187,san andres,84,PH,2019-09-29 19:13:49,85,13.32,122.68,79.43,7.94
188,geraldton,90,CA,2019-09-29 19:13:49,52,49.72,-86.95,44.6,2.24
189,nurota,30,UZ,2019-09-29 19:13:49,25,40.56,65.69,62.6,9.17
190,banda aceh,100,ID,2019-09-29 19:13:50,79,5.56,95.32,80.33,11.9
191,ambilobe,91,MG,2019-09-29 19:13:50,66,-13.19,49.05,78.35,14.05
192,samalaeulu,,,,,,,,
193,molina,20,CL,2019-09-29 19:13:50,46,-35.11,-71.28,69.8,6.93
194,tahoua,20,NE,2019-09-29 19:13:50,16,14.89,5.26,96.8,6.93
195,cockburn town,95,TC,2019-09-29 19:13:50,73,21.46,-71.14,83.03,1.63
196,tarko-sale,97,RU,2019-09-29 19:13:50,92,64.92,77.78,28,2.57
197,tingi,21,TZ,2019-09-29 19:13:51,60,-11.3,35.03,74.03,4.85
198,sitka,5,US,2019-09-29 19:13:51,62,37.17,-99.65,84.99,25.01
199,saint-augustin,40,CA,2019-09-29 19:13:51,50,45.63,-73.98,60.01,6.93
200,acapulco,90,MX,2019-09-29 19:13:51,94,16.86,-99.88,77,10.29
201,toowoomba,0,AU,2019-09-29 19:09:35,57,-27.56,151.95,62.01,4.23
202,pacific grove,1,US,2019-09-29 19:12:56,45,36.62,-121.92,66,10.29
203,kavieng,69,PG,2019-09-29 19:13:51,68,-2.57,150.8,83.03,1.68
204,sur,0,OM,2019-09-29 19:13:52,57,22.57,59.53,86.45,13.35
205,barentsburg,,,,,,,,
206,bandarbeyla,0,SO,2019-09-29 19:13:52,81,9.49,50.81,76.73,14.9
207,texas city,40,US,2019-09-29 19:10:34,59,29.38,-94.9,93.2,6.93
208,filingue,5,NE,2019-09-29 19:13:52,17,14.35,3.32,98.51,2.59
209,roma,0,IT,2019-09-29 19:09:04,77,41.89,12.48,71.6,3.36
210,petropavlovka,11,RU,2019-09-29 19:13:52,97,50.61,105.32,34.79,2.55
211,kamenskoye,,,,,,,,
212,jalingo,100,NG,2019-09-29 19:13:53,94,10.21,12.82,68.27,2.64
213,upernavik,0,GL,2019-09-29 19:13:53,60,72.79,-56.15,40.01,4.99
214,ondjiva,64,AO,2019-09-29 19:13:53,15,-17.07,15.73,76.01,6.02
215,ravar,6,IR,2019-09-29 19:13:53,22,31.27,56.81,64.13,1.99
216,ribeira grande,75,PT,2019-09-29 19:13:53,88,38.52,-28.7,71.6,9.17
217,quatre cocos,20,MU,2019-09-29 19:13:53,88,-20.21,57.76,72,3.36
218,kahului,40,US,2019-09-29 19:09:04,58,20.89,-156.47,84.2,13.87
219,tateyama,56,JP,2019-09-29 19:13:54,88,36.66,137.31,73,1.66
220,yinchuan,1,CN,2019-09-29 19:13:54,19,38.48,106.21,69.01,4
221,tuktoyaktuk,40,CA,2019-09-29 19:13:54,86,69.44,-133.03,37.4,9.17
222,vanavara,27,RU,2019-09-29 19:13:54,97,60.35,102.28,23.63,3.56
223,lavrentiya,46,RU,2019-09-29 19:13:54,89,65.58,-170.99,34.61,3.69
224,ust-kamchatsk,,,,,,,,
225,kirakira,95,SB,2019-09-29 19:13:54,84,-10.46,161.92,79.07,7.11
226,bacolod,100,PH,2019-09-29 19:13:55,78,10.68,122.95,81.23,7.2
227,aborlan,20,PH,2019-09-29 19:13:55,83,9.44,118.55,78.8,2.24
228,utiroa,,,,,,,,
229,rio gallegos,40,AR,2019-09-29 19:13:55,62,-51.62,-69.22,51.8,16.11
230,yining,0,CN,2019-09-29 19:13:55,69,29.04,114.56,62.87,0.49
231,pishin,0,PK,2019-09-29 19:13:55,55,30.58,67,68.63,7.11
232,guerrero negro,22,MX,2019-09-29 19:13:55,82,27.97,-114.04,67.55,15.73
233,coquimbo,90,CL,2019-09-29 19:13:56,72,-29.95,-71.34,59,8.05
234,warqla,,,,,,,,
235,scunthorpe,75,GB,2019-09-29 19:13:56,87,53.59,-0.65,55.4,14.99
236,belaya gora,100,RU,2019-09-29 19:13:56,90,68.54,146.19,26.15,4.94
237,zarand,20,IR,2019-09-29 19:13:56,5,30.81,56.57,78.8,4.7
238,longyearbyen,75,NO,2019-09-29 19:13:56,64,78.22,15.63,33.8,16.11
239,victoria,75,BN,2019-09-29 19:10:30,88,5.28,115.24,78.8,1.12
240,simpang,100,ID,2019-09-29 19:13:57,96,4.36,96.17,71.69,1.57
241,barra patuca,0,HN,2019-09-29 19:13:57,74,15.8,-84.28,84.65,12.48
242,saint-philippe,1,CA,2019-09-29 19:13:57,47,45.36,-73.48,60.01,3.36
243,storforshei,20,NO,2019-09-29 19:13:57,80,66.4,14.52,39.2,4.7
244,fort nelson,20,CA,2019-09-29 19:13:57,69,58.81,-122.69,35.6,5.82
245,abalak,92,NE,2019-09-29 19:13:57,9,15.46,6.28,97.25,4.45
246,tilichiki,87,RU,2019-09-29 19:13:58,74,60.47,166.1,32.09,2.08
247,adrar,20,DZ,2019-09-29 19:13:58,11,27.87,-0.29,102.2,9.17
248,ilulissat,36,GL,2019-09-29 19:13:58,60,69.22,-51.1,42.8,2.24
249,chapais,90,CA,2019-09-29 19:13:58,56,49.78,-74.86,41,12.75
250,mogadishu,62,SO,2019-09-29 19:13:58,86,2.04,45.34,77.81,15.75
251,faanui,57,PF,2019-09-29 19:13:58,79,-16.48,-151.75,77.99,21.74
252,klaksvik,90,FO,2019-09-29 19:13:59,81,62.23,-6.59,44.6,9.17
253,ewa beach,40,US,2019-09-29 19:13:59,78,21.32,-158.01,82.4,5.82
254,puerto carreno,40,CO,2019-09-29 19:13:59,52,6.19,-67.49,91.4,2.26
255,ostersund,75,SE,2019-09-29 19:13:59,87,63.18,14.64,44.6,12.75
256,half moon bay,1,US,2019-09-29 19:13:59,77,37.46,-122.43,66,6.93
257,namibe,100,AO,2019-09-29 19:13:59,90,-15.19,12.15,68.63,12.66
258,san quintin,99,PH,2019-09-29 19:14:00,97,17.54,120.52,73.85,3.29
259,saposoa,40,PE,2019-09-29 19:10:04,290,-6.93,-76.77,62.6,4.7
260,plouzane,0,FR,2019-09-29 19:14:00,87,48.38,-4.62,59,9.17
261,shimoda,75,JP,2019-09-29 19:14:00,94,34.7,138.93,73.4,1.12
262,narsaq,25,GL,2019-09-29 19:14:00,24,60.91,-46.05,57.2,17.22
263,kroya,71,ID,2019-09-29 19:14:00,88,-6.5,108.06,72.41,3.42
264,leningradskiy,39,RU,2019-09-29 19:14:01,76,69.38,178.42,31.73,16.67
265,glasgow,95,GB,2019-09-29 19:14:01,76,55.86,-4.24,57.2,5.82
266,bida,68,NG,2019-09-29 19:14:01,72,9.08,6.02,80.69,1.92
267,tambo grande,75,EC,2019-09-29 19:14:01,69,-3.58,-79.83,89.6,5.82
268,togur,100,RU,2019-09-29 19:14:01,97,58.36,82.83,38.21,3.69
269,cazaje,,,,,,,,
270,khilok,47,RU,2019-09-29 19:14:01,96,51.36,110.46,37.13,2.91
271,mocambique,,,,,,,,
272,kabanjahe,94,ID,2019-09-29 19:14:02,70,3.1,98.49,81,0.51
273,haines junction,45,CA,2019-09-29 19:14:02,38,60.75,-137.51,34.97,6.08
274,muros,90,ES,2019-09-29 19:14:02,100,42.77,-9.06,66,5.82
275,banchory,20,GB,2019-09-29 19:14:02,87,57.05,-2.5,52,8.05
276,norman wells,75,CA,2019-09-29 19:11:48,52,65.28,-126.83,44.6,12.75
277,maunabo,40,PR,2019-09-29 19:14:03,74,18.01,-65.9,87.8,10.29
278,cherskiy,100,RU,2019-09-29 19:14:03,89,68.75,161.3,27.77,5.39
279,dalaba,58,GN,2019-09-29 19:14:03,84,10.69,-12.25,78.89,0.34
280,staryy krym,68,UA,2019-09-29 19:14:03,94,45.03,35.1,56.93,7.25
281,saleaula,,,,,,,,
282,sayansk,100,RU,2019-09-29 19:14:03,91,54.11,102.18,40.91,3.22
283,skagastrond,,,,,,,,
284,jambi,25,ID,2019-09-29 19:14:04,92,-1.6,103.62,73.67,1.5
285,mglin,77,RU,2019-09-29 19:14:04,91,53.06,32.85,51.35,8.14
286,boca do acre,93,BR,2019-09-29 19:14:04,32,-8.76,-67.39,99.59,3.91
287,tukrah,,,,,,,,
288,flinders,56,AU,2019-09-29 19:14:04,100,-34.58,150.85,57,1.12
289,georgetown,40,GY,2019-09-29 19:14:04,70,6.8,-58.16,87.8,18.34
290,pacifica,1,US,2019-09-29 19:14:05,77,37.61,-122.49,64.99,6.93
291,gat,45,SN,2019-09-29 19:14:05,78,14.69,-16.54,89.6,6.93
292,dire,82,ET,2019-09-29 19:14:05,90,9.18,38.92,55.85,4.92
293,vaitupu,,,,,,,,
294,xiangdong,,,,,,,,
295,arona,75,IT,2019-09-29 19:14:05,88,45.76,8.56,71.6,1.12
296,los llanos de aridane,75,ES,2019-09-29 19:14:05,78,28.66,-17.92,73.4,12.75
297,saint george,0,GR,2019-09-29 19:14:05,68,39.45,22.34,71.6,4.5
298,urumqi,,,,,,,,
299,tabiauea,,,,,,,,
300,kuli,100,IN,2019-09-29 19:14:06,92,14.46,75.57,71.87,1.05
301,inderborskiy,,,,,,,,
302,acarau,,,,,,,,
303,mandalgovi,18,MN,2019-09-29 19:14:06,55,45.76,106.27,53.87,1.74
304,luwuk,94,ID,2019-09-29 19:14:06,98,-0.95,122.79,62.69,4.12
305,tremedal,30,BR,2019-09-29 19:11:07,33,-14.98,-41.41,88.79,9.84
306,sao filipe,29,CV,2019-09-29 19:14:06,81,14.9,-24.5,78.35,13.06
307,newala,87,TZ,2019-09-29 19:14:07,64,-10.94,39.28,79.43,8.19
308,nanortalik,19,GL,2019-09-29 19:14:07,79,60.14,-45.24,41.99,2.86
309,itarema,59,BR,2019-09-29 19:14:07,52,-2.92,-39.92,86.63,15.48
310,lagoa,0,PT,2019-09-29 19:14:07,83,37.14,-8.45,73,5.82
311,bayeux,75,BR,2019-09-29 19:14:07,69,-7.13,-34.94,82.4,12.75
312,viedma,100,AR,2019-09-29 19:13:24,18,-40.81,-62.99,74.57,12.88
313,petatlan,90,MX,2019-09-29 19:14:08,94,17.52,-101.27,77,11.41
314,clyde river,40,CA,2019-09-29 19:14:08,100,70.47,-68.59,37.4,10.29
315,puerto colombia,40,CO,2019-09-29 19:14:08,66,10.99,-74.96,89.6,4.7
316,udachnyy,90,RU,2019-09-29 19:14:08,79,66.42,112.4,24.8,6.71
317,tura,100,RU,2019-09-29 19:14:08,79,64.27,100.22,27.77,3.98
318,svetlyy,,,,,,,,
319,price,1,US,2019-09-29 19:14:08,27,39.6,-110.81,64.4,29.97
320,ternuvate,75,UA,2019-09-29 19:14:09,87,47.83,36.13,59,6.71
321,college,90,US,2019-09-29 19:14:09,81,64.86,-147.8,46.99,1.77
322,codrington,40,AU,2019-09-29 19:14:09,93,-28.95,153.24,62.6,2.68
323,buqayq,,,,,,,,
324,khokhlovo,90,RU,2019-09-29 19:14:09,100,50.71,36.69,53.6,5.26
325,hanzhong,75,CN,2019-09-29 19:14:09,83,33.08,107.03,63.23,1.01
326,pontianak,82,ID,2019-09-29 19:14:09,74,-0.02,109.34,82.13,6.87
327,vestmannaeyjar,75,IS,2019-09-29 19:14:10,100,63.44,-20.27,46.4,5.82
328,kita,75,JP,2019-09-29 19:14:10,88,35.76,139.74,79,4.7
329,coahuayana,100,MX,2019-09-29 19:14:10,97,18.62,-100.35,70.61,2.55
330,sistranda,40,NO,2019-09-29 19:14:10,81,63.73,8.83,46.4,19.46
331,along,100,IN,2019-09-29 19:14:10,94,28.17,94.8,54.59,2.08
332,isla mujeres,75,MX,2019-09-29 19:14:11,70,21.23,-86.73,89.01,10.29
333,cherlak,61,RU,2019-09-29 19:14:11,81,54.15,74.8,31.73,12.88
334,ust-maya,0,RU,2019-09-29 19:14:11,94,60.42,134.54,26.15,2.62
335,badou,72,TG,2019-09-29 19:14:11,88,7.58,0.61,75.29,0.25
336,jalu,71,LY,2019-09-29 19:14:11,30,29.03,21.55,87.71,4.63
337,sonipat,75,IN,2019-09-29 19:14:11,88,29,77.02,77,6.93
338,oriximina,88,BR,2019-09-29 19:14:12,45,-1.77,-55.87,93.83,3.29
339,tecoanapa,90,MX,2019-09-29 19:14:12,94,16.99,-99.26,77,10.29
340,karratha,0,AU,2019-09-29 19:14:12,48,-20.74,116.85,67.37,13.91
341,baghramyan,1,AM,2019-09-29 19:14:12,55,40.19,43.86,64.4,10.29
342,pemba,20,MZ,2019-09-29 19:14:12,94,-12.97,40.52,77,8.05
343,atasu,38,KZ,2019-09-29 19:14:12,58,48.68,71.64,35.51,4.61
344,phuket,20,TH,2019-09-29 19:14:12,94,7.89,98.4,75.2,1.12
345,whitewater,90,US,2019-09-29 19:14:13,100,42.83,-88.73,61,6.93
346,totma,45,RU,2019-09-29 19:14:13,88,59.98,42.76,39.29,8.21
347,dingalan,100,PH,2019-09-29 19:14:13,94,15.39,121.39,74.93,3.6
348,moree,52,AU,2019-09-29 19:14:13,31,-29.46,149.84,48.2,4.7
349,hachinohe,20,JP,2019-09-29 19:14:13,82,40.47,141.48,64.99,2.24
350,mareeba,40,AU,2019-09-29 19:14:13,82,-16.99,145.42,68,9.17
351,mayumba,83,GA,2019-09-29 19:14:14,87,-3.44,10.65,76.55,14.5
352,kununurra,4,AU,2019-09-29 19:14:14,68,-15.77,128.74,71.6,9.01
353,qandahar,,,,,,,,
354,kirkenaer,0,NO,2019-09-29 19:14:14,87,60.46,12.06,48.2,3.36
355,nuuk,83,GL,2019-09-29 19:14:14,75,64.17,-51.74,46.4,8.05
356,ngukurr,,,,,,,,
357,milyutinskaya,100,RU,2019-09-29 19:14:14,64,48.63,41.67,57.83,12.84
358,sola,79,TZ,2019-09-29 19:14:15,50,-3.17,33.8,75.47,3.33
359,north platte,20,US,2019-09-29 19:12:06,54,41.12,-100.77,87.01,17.22
360,nouakchott,40,MR,2019-09-29 19:14:15,70,18.08,-15.98,84.2,19.46
361,bentiu,,,,,,,,
362,karaton,20,ID,2019-09-29 19:14:15,74,-6.34,106.1,78.8,3.36
363,mirabad,53,IR,2019-09-29 19:14:15,14,28.27,61.33,67.19,6.24
364,sorvag,,,,,,,,
365,vostok,72,RU,2019-09-29 19:14:16,81,46.45,135.83,40.01,2.8
366,tabou,84,CI,2019-09-29 19:14:16,86,4.42,-7.36,77.45,5.28
367,jinka,100,ET,2019-09-29 19:14:16,71,5.79,36.57,68.81,5.48
368,hargeysa,75,SO,2019-09-29 19:11:19,61,9.56,44.06,74.75,8.61
369,chhapar,69,IN,2019-09-29 19:14:16,55,27.82,74.44,84.11,8.39
370,kulhudhuffushi,100,MV,2019-09-29 19:14:16,84,6.62,73.07,76.91,4.81
371,det udom,55,TH,2019-09-29 19:14:17,83,14.9,105.08,77,3.36
372,rota,0,ES,2019-09-29 19:14:17,88,36.62,-6.36,71.01,2.24
373,palatka,100,RU,2019-09-29 19:14:17,96,60.1,150.94,23.27,11.74
374,batagay-alyta,0,RU,2019-09-29 19:14:17,73,67.8,130.41,10.67,2.44
375,tiznit,31,MA,2019-09-29 19:14:17,71,29.7,-9.73,72.05,8.88
376,tsiroanomandidy,45,MG,2019-09-29 19:14:18,45,-18.77,46.05,73.49,3.56
377,mollendo,46,PE,2019-09-29 19:14:18,83,-17.03,-72.02,61.07,7.52
378,medgidia,73,RO,2019-09-29 19:14:18,88,44.24,28.27,66.99,8.05
379,arraial do cabo,90,BR,2019-09-29 19:14:18,77,-22.97,-42.02,69.8,9.17
380,genhe,94,CN,2019-09-29 19:14:18,72,50.78,121.52,34.25,3.56
381,chokurdakh,83,RU,2019-09-29 19:14:18,96,70.62,147.9,25.61,3.89
382,powell river,20,CA,2019-09-29 19:14:18,32,49.84,-124.52,57.2,9.17
383,florida,0,UY,2019-09-29 19:11:26,70,-34.1,-56.21,74.57,12.06
384,awjilah,71,LY,2019-09-29 19:14:19,32,29.14,21.3,87.71,9.42
385,lev tolstoy,40,RU,2019-09-29 19:14:19,87,53.21,39.45,51.8,6.71
386,gulshat,,,,,,,,
387,bertoua,98,CM,2019-09-29 19:14:19,95,4.58,13.68,69.17,2.89
388,komsomolets,100,RU,2019-09-29 19:14:19,57,52.77,41.29,54.23,13.78
389,mayor pablo lagerenza,0,PY,2019-09-29 19:14:19,16,-19.93,-60.77,105.17,11.92
390,sentyabrskiy,,,,,,,,
391,taseyevo,100,RU,2019-09-29 19:14:20,94,57.22,94.9,30.29,2.15
392,hakkari,40,FI,2019-09-29 19:14:20,93,61.34,23.75,46.99,3.36
393,lompoc,1,US,2019-09-29 19:11:36,30,34.64,-120.46,73,16.11
394,ayan,0,IR,2019-09-29 19:14:20,55,38.23,44.7,50.45,2.66
395,pevek,100,RU,2019-09-29 19:14:20,85,69.7,170.27,32.27,24.34
396,najran,40,SA,2019-09-29 19:14:20,39,17.54,44.22,82.4,4.7
397,le port,2,FR,2019-09-29 19:14:21,36,42.87,1.37,73,1.01
398,basti,100,IN,2019-09-29 19:14:21,89,26.79,82.72,71.87,12.1
399,shimonoseki,100,JP,2019-09-29 19:14:21,94,33.97,130.94,75,1.12
400,burgeo,100,CA,2019-09-29 19:14:21,87,47.61,-57.61,54.23,20.54
401,banyo,100,CM,2019-09-29 19:14:21,96,6.75,11.81,62.51,0.54
402,rabaul,100,PG,2019-09-29 19:14:21,77,-4.2,152.17,80.51,8.81
403,lethem,58,GY,2019-09-29 19:14:21,49,3.38,-59.8,91.49,5.73
404,kaeo,97,NZ,2019-09-29 19:14:22,100,-35.1,173.78,59,22.19
405,ipora,,,,,,,,
406,wuwei,2,CN,2019-09-29 19:14:22,29,37.93,102.64,66.99,4.99
407,amapa,75,HN,2019-09-29 19:14:22,55,15.09,-87.97,93.99,6.93
408,yeppoon,40,AU,2019-09-29 19:14:22,82,-23.13,150.74,66.2,4.7
409,bridgetown,22,AU,2019-09-29 19:14:23,96,-33.96,116.14,55,2.42
410,lac-megantic,20,CA,2019-09-29 19:10:31,54,45.58,-70.88,54,8.05
411,kyshtovka,100,RU,2019-09-29 19:14:23,89,56.56,76.62,34.61,16.84
412,sabang,100,PH,2019-09-29 19:14:23,87,13.8,121.11,78.01,3.87
413,sawakin,6,SD,2019-09-29 19:14:23,48,19.1,37.33,83.03,5.06
414,cao bang,0,VN,2019-09-29 19:14:23,73,22.67,106.25,65.39,0.49
415,sambava,78,MG,2019-09-29 19:14:24,95,-14.27,50.17,68.99,2.17
416,rawah,,,,,,,,
417,hihifo,,,,,,,,
418,takoradi,93,GH,2019-09-29 19:14:24,93,4.89,-1.75,75.65,4.79
419,meulaboh,100,ID,2019-09-29 19:14:24,77,4.14,96.13,79.61,6.38
420,tiksi,33,RU,2019-09-29 19:14:24,93,71.64,128.87,24.53,4.14
421,bayonet point,75,US,2019-09-29 19:14:24,43,28.33,-82.68,91.99,9.17
422,turtkul,,,,,,,,
423,yulara,59,AU,2019-09-29 19:14:25,16,-25.24,130.99,73.4,11.41
424,juquitiba,0,BR,2019-09-29 19:14:25,50,-23.93,-47.07,78.8,11.41
425,nara,92,JP,2019-09-29 19:14:25,94,34.68,135.8,77,1.12
426,kamina,85,CD,2019-09-29 19:14:25,42,-8.74,25,78.35,4.79
427,westport,1,US,2019-09-29 19:09:56,41,41.14,-73.36,79,6.93
428,odweyne,,,,,,,,
429,asau,,,,,,,,
430,freeport,40,BS,2019-09-29 19:14:25,66,26.54,-78.7,84.2,19.46
431,kokopo,100,PG,2019-09-29 19:14:26,93,-4.34,152.27,68.09,3
432,mao,75,DO,2019-09-29 19:14:26,62,19.55,-71.08,87.8,6.93
433,bathsheba,40,BB,2019-09-29 19:14:26,66,13.22,-59.52,87.8,11.41
434,palmer,20,AU,2019-09-29 19:14:26,81,-34.85,139.16,53.01,5.82
435,lindi,84,TZ,2019-09-29 19:14:26,93,-10,39.71,73.67,3.94
436,broken hill,50,AU,2019-09-29 19:14:26,63,-31.97,141.45,51.8,8.05
437,salalah,40,OM,2019-09-29 19:14:27,78,17.01,54.1,82.4,9.17
438,payo,47,ID,2019-09-29 19:14:27,89,-3.75,103.64,66.65,3.33
439,jiuquan,0,CN,2019-09-29 19:14:27,17,39.73,98.49,64.31,2.59
440,inuvik,75,CA,2019-09-29 19:14:27,60,68.36,-133.71,39.2,6.93
441,luoyang,29,CN,2019-09-29 19:14:27,52,34.66,112.42,67.55,2.91
442,dongkan,0,CN,2019-09-29 19:14:27,95,34,119.83,63.05,2.91
443,buta,100,CD,2019-09-29 19:14:28,97,2.79,24.73,68.81,1.79
444,san vicente,20,EC,2019-09-29 19:14:28,74,-0.59,-80.41,80.6,13.87
445,maningrida,2,AU,2019-09-29 19:14:28,92,-12.05,134.23,69.71,4.43
446,chumikan,6,RU,2019-09-29 19:14:28,61,54.72,135.31,30.47,6.06
447,pitimbu,75,BR,2019-09-29 19:14:28,69,-7.47,-34.81,82.4,12.75
448,marsa matruh,0,EG,2019-09-29 19:14:28,78,31.35,27.25,77,6.93
449,kamien pomorski,75,PL,2019-09-29 19:14:29,93,53.97,14.77,57.99,10.29
450,san cristobal,27,HN,2019-09-29 19:14:29,47,14.68,-86.92,86.27,6.6
451,sao sebastiao,100,BR,2019-09-29 19:14:29,50,-3.15,-58.36,90.77,6.24
452,port lincoln,22,AU,2019-09-29 19:14:29,76,-34.72,135.86,54.95,17.4
453,lokosovo,0,RU,2019-09-29 19:14:29,84,61.13,74.84,30.29,6.55
454,rolla,75,US,2019-09-29 19:14:03,51,37.95,-91.77,89.01,13.87
455,hamilton,75,CA,2019-09-29 19:10:25,71,43.26,-79.87,62.01,18.34
456,basar,100,IN,2019-09-29 19:14:30,91,27.98,94.69,63.77,1.03
457,general roca,0,AR,2019-09-29 19:14:30,13,-39.03,-67.58,78.8,17.22
458,orlovskiy,100,RU,2019-09-29 19:14:30,54,46.87,42.05,59.81,11.83
459,hailun,0,CN,2019-09-29 19:14:30,58,47.46,126.97,41.27,2.44
460,merrill,90,US,2019-09-29 19:14:30,56,42.03,-121.6,45,10.29
461,vardo,1,US,2019-09-29 19:14:31,51,39.62,-77.74,87.01,6.93
462,san miguel,0,AR,2019-09-29 19:14:31,37,-34.54,-58.72,84.99,14.99
463,terrace bay,75,CA,2019-09-29 19:14:31,52,48.78,-87.1,48.2,8.05
464,cairns,40,AU,2019-09-29 19:11:11,82,-16.92,145.77,68,9.17
465,kasangulu,75,CD,2019-09-29 19:14:31,61,-4.59,15.17,82.4,13.87
466,rungata,,,,,,,,
467,roebourne,0,AU,2019-09-29 19:14:31,41,-20.77,117.15,68.63,12.5
468,saint-andre-avellin,75,CA,2019-09-29 19:14:31,47,45.72,-75.07,60.01,4.7
469,ambatofinandrahana,22,MG,2019-09-29 19:14:32,45,-20.55,46.8,64.31,5.93
470,nome,40,US,2019-09-29 19:14:32,49,30.04,-94.42,93,8.05
471,masvingo,0,ZW,2019-09-29 19:14:32,13,-20.08,30.83,69.17,7.56
472,martapura,82,ID,2019-09-29 19:14:32,82,-3.41,114.85,77.45,10.29
473,srednekolymsk,100,RU,2019-09-29 19:14:33,89,67.46,153.71,26.69,4.68
474,port-de-bouc,75,FR,2019-09-29 19:14:33,88,43.4,4.98,73.99,4.7
475,mount gambier,90,AU,2019-09-29 19:14:33,81,-37.83,140.78,46.4,4.7
476,porangatu,94,BR,2019-09-29 19:14:33,28,-13.44,-49.14,95.99,4.25
477,lazarev,0,RU,2019-09-29 19:14:33,60,52.23,141.51,44.33,18.54
478,santa maria,40,BR,2019-09-29 19:14:33,40,-16.02,-48.01,89.01,9.17
479,puke,20,AL,2019-09-29 19:14:34,68,42.04,19.9,69.8,2.24
480,chapadinha,89,BR,2019-09-29 19:14:34,25,-3.74,-43.35,100.49,3.53
481,biloela,54,AU,2019-09-29 19:14:34,86,-24.4,150.51,61.61,1.77
482,ossora,92,RU,2019-09-29 19:14:34,81,59.24,163.07,36.23,0.43
483,tubuala,40,PA,2019-09-29 19:14:34,70,9.52,-79.03,91.99,4.7
484,robe,46,ET,2019-09-29 19:14:34,89,7.12,40.01,49.55,5.86
485,valparaiso,90,US,2019-09-29 19:13:08,82,41.47,-87.06,73,9.17
486,higuey,,,,,,,,
487,paamiut,32,GL,2019-09-29 19:14:35,76,61.99,-49.67,42.53,14.12
488,kongoussi,31,BF,2019-09-29 19:14:35,27,13.32,-1.53,95.27,4.29
489,aginskoye,69,RU,2019-09-29 19:14:35,75,51.11,114.54,42.89,4.29
490,biak,94,ID,2019-09-29 19:14:35,98,-0.91,122.88,62.69,4.12
491,vila franca do campo,40,PT,2019-09-29 19:14:36,88,37.72,-25.43,73.4,16.11
492,harbour breton,100,CA,2019-09-29 19:14:36,97,47.48,-55.8,52.61,14.25
493,cabra,0,ES,2019-09-29 19:14:37,32,37.47,-4.43,81,4.7
494,kudymkar,43,RU,2019-09-29 19:14:37,89,59.01,54.66,32.99,7.23
495,leh,82,IN,2019-09-29 19:14:37,45,34.16,77.58,41.27,3.47
496,arcata,90,US,2019-09-29 19:13:39,71,40.87,-124.08,57.2,3.36
497,kloulklubed,90,PW,2019-09-29 19:14:37,88,7.04,134.26,77,9.17
498,marawi,100,PH,2019-09-29 19:14:37,93,8,124.29,73,5.99
499,mapastepec,100,MX,2019-09-29 19:14:37,78,15.44,-92.9,80.69,6.91
500,knysna,100,ZA,2019-09-29 19:14:38,93,-34.04,23.05,55.4,4.7
501,chingirlau,80,KZ,2019-09-29 19:14:38,63,51.09,54.08,41.27,5.64
502,nemuro,0,JP,2019-09-29 19:14:38,76,43.32,145.57,64.31,8.72
503,sindor,98,RU,2019-09-29 19:14:38,90,62.87,51.9,39.11,7.87
504,husavik,100,CA,2019-09-29 19:14:39,95,50.56,-96.99,44.01,10
505,calabaca,100,PH,2019-09-29 19:14:39,76,14.3,122.43,83.39,18.54
506,salinopolis,94,BR,2019-09-29 19:14:39,81,-0.61,-47.36,81.23,16.08
507,salym,38,RU,2019-09-29 19:14:39,93,60.06,71.48,27.95,2.59
508,qui nhon,,,,,,,,
509,novo aripuana,88,BR,2019-09-29 19:14:39,36,-5.12,-60.38,97.97,3.4
510,road town,40,VG,2019-09-29 19:10:53,66,18.42,-64.62,87.8,6.93
511,khandbari,100,NP,2019-09-29 19:14:39,93,27.38,87.21,51.17,1.54
512,san luis,0,AR,2019-09-29 19:10:50,18,-33.3,-66.34,95.99,22.28
513,pangnirtung,90,CA,2019-09-29 19:14:40,100,66.15,-65.72,39.2,3.36
514,riyadh,0,SA,2019-09-29 19:14:40,17,24.63,46.72,93.2,6.93
515,sokol,94,RU,2019-09-29 19:14:40,88,59.46,40.11,45.95,12.66
516,vanimo,71,PG,2019-09-29 19:14:40,71,-2.67,141.3,81.77,2.84
517,temaraia,,,,,,,,
518,padilla,40,CO,2019-09-29 19:14:40,48,3.23,-76.31,87.8,2.24
519,bur gabo,,,,,,,,
520,mehran,0,IR,2019-09-29 19:14:41,24,33.12,46.17,71.6,4.7
521,nguiu,,,,,,,,
522,bafang,100,CM,2019-09-29 19:14:41,98,5.16,10.18,67.37,1.48
523,wahran,,,,,,,,
524,northam,90,AU,2019-09-29 19:14:41,93,-31.65,116.67,59,4.7
525,storsteinnes,75,NO,2019-09-29 19:14:41,69,69.24,19.23,39.2,11.41
526,fortuna,90,US,2019-09-29 19:14:41,71,40.6,-124.16,57.99,3.36
527,grindavik,75,IS,2019-09-29 19:14:42,87,63.84,-22.43,46.4,2.24
528,morgan city,75,US,2019-09-29 19:12:20,66,29.7,-91.21,89.6,6.93
529,sehithwa,0,BW,2019-09-29 19:14:42,6,-20.47,22.7,73.85,3.85
530,bilma,20,NE,2019-09-29 19:14:42,9,18.69,12.92,95.81,6.8
531,popondetta,29,PG,2019-09-29 19:14:42,89,-8.77,148.24,63.41,4.68
532,krasnokamensk,100,RU,2019-09-29 19:14:42,56,50.1,118.04,44.69,1.41
533,caxito,90,BR,2019-09-29 19:14:42,77,-22.65,-42.51,69.8,9.17
534,iqaluit,90,CA,2019-09-29 19:14:43,100,63.75,-68.52,37.4,5.82
535,forrest city,20,US,2019-09-29 19:14:43,43,35.01,-90.79,91.99,13.87
536,myanaung,27,MM,2019-09-29 19:14:43,91,18.28,95.32,72.59,4.7
537,kysyl-syr,100,RU,2019-09-29 19:14:43,79,63.9,122.77,31.73,10.51
538,kieta,99,PG,2019-09-29 19:14:43,76,-6.22,155.63,79.97,6.64
539,changde,0,CN,2019-09-29 19:14:43,51,29.04,111.68,69.35,2.57
540,te anau,91,NZ,2019-09-29 19:14:44,91,-45.41,167.72,41.27,4.7
541,san rafael,0,AR,2019-09-29 19:14:44,18,-34.61,-68.33,83.57,9.46
542,maryborough,39,AU,2019-09-29 19:14:44,96,-25.54,152.7,59.45,2.3
543,egvekinot,45,RU,2019-09-29 19:14:44,97,66.32,-179.17,31.91,8.19
544,sivas,0,TR,2019-09-29 19:14:44,57,39.75,37.01,52,9.17
545,viligili,,,,,,,,
546,saint-joseph,0,FR,2019-09-29 19:14:44,83,43.56,6.97,71.6,3.36
547,ruatoria,,,,,,,,
548,ishigaki,53,JP,2019-09-29 19:14:45,83,24.34,124.16,82.13,29.12
549,point pedro,56,LK,2019-09-29 19:14:45,78,9.82,80.23,82.49,17.16
550,thul,40,PK,2019-09-29 19:14:45,79,28.24,68.77,86,8.01
551,la sarre,24,CA,2019-09-29 19:14:45,40,48.8,-79.2,51.53,5.01
552,modasa,100,IN,2019-09-29 19:14:45,92,23.47,73.3,75.11,8.08
553,gornopravdinsk,47,RU,2019-09-29 19:14:46,92,60.06,69.92,28.13,3.74
554,puerto ayacucho,40,CO,2019-09-29 19:14:46,52,5.66,-67.63,91.4,2.06
555,rawson,21,AR,2019-09-29 19:14:46,18,-43.3,-65.11,65.93,23.06
556,pakxan,0,LA,2019-09-29 19:14:46,85,18.39,103.66,70.61,2.64
557,baruun-urt,79,MN,2019-09-29 19:14:46,57,46.68,113.28,56.39,7.31
558,russell,20,US,2019-09-29 19:09:53,58,38.9,-98.86,90,26.4
559,bababe,,,,,,,,
560,kenai,90,US,2019-09-29 19:14:47,93,60.55,-151.26,50,9.17
561,ubatuba,40,BR,2019-09-29 19:14:47,48,-23.43,-45.08,82.4,5.82
562,anadyr,0,RU,2019-09-29 19:14:47,92,64.73,177.51,30.2,4.47
563,vestbygda,,,,,,,,
564,saint anthony,90,US,2019-09-29 19:14:47,93,43.97,-111.68,37.99,17.22
565,alice springs,0,AU,2019-09-29 19:12:30,31,-23.7,133.88,64.4,11.52
566,dongobesh,70,TZ,2019-09-29 19:14:47,32,-4.07,35.37,77.63,9.91
567,juybar,40,IR,2019-09-29 19:14:48,94,36.64,52.91,68,4.7
568,maraa,56,BR,2019-09-29 19:14:48,37,-1.83,-65.37,98.87,1.81
569,faya,0,SA,2019-09-29 19:14:48,35,18.39,42.45,75.2,12.75
570,sisimiut,99,GL,2019-09-29 19:14:48,79,66.94,-53.67,41.09,6.44
571,kraslava,96,LV,2019-09-29 19:14:48,96,55.9,27.16,50.27,7.63
572,lata,99,IN,2019-09-29 19:14:48,93,30.78,78.62,37.67,1.79
573,fevralsk,,,,,,,,
574,padang,100,ID,2019-09-29 19:14:49,85,-0.92,100.36,79.07,19.44
575,lasa,20,CY,2019-09-29 19:14:49,78,34.92,32.53,77,4.7
576,namie,50,JP,2019-09-29 19:14:49,94,37.52,140.86,66.99,0.98
577,lahad datu,85,MY,2019-09-29 19:14:49,98,5.02,118.33,72.23,0.87
578,kedrovyy,40,RU,2019-09-29 19:14:49,93,56.17,91.82,37.4,4.07
579,tortoli,5,IT,2019-09-29 19:14:49,83,39.93,9.66,75.2,9.17
580,luza,94,RU,2019-09-29 19:14:50,77,60.63,47.26,37.49,6.38
581,carnarvon,89,ZA,2019-09-29 19:14:50,71,-30.97,22.13,52.25,20.36
582,ugoofaaru,100,MV,2019-09-29 19:14:50,72,5.67,73,82.67,13.42
583,dunedin,100,NZ,2019-09-29 19:14:50,92,-45.87,170.5,48,20
584,buin,0,CL,2019-09-29 19:14:50,37,-33.73,-70.74,73.4,6.93
585,harindanga,40,IN,2019-09-29 19:14:50,94,22.04,88.32,75.2,4.7
586,baykit,26,RU,2019-09-29 19:14:51,93,61.68,96.39,23.09,0.76
587,humaita,0,AR,2019-09-29 19:14:51,20,-24.93,-65.37,93.2,14.99
588,khani,40,GE,2019-09-29 19:14:51,93,41.96,42.96,59,2.24
589,sinnamary,13,GF,2019-09-29 19:14:51,76,5.38,-52.96,82.85,16.33
590,el alto,20,BO,2019-09-29 19:14:51,23,-16.5,-68.19,64.4,11.41
591,bloemfontein,84,ZA,2019-09-29 19:11:06,30,-29.12,26.22,68,13.87
592,buala,97,SB,2019-09-29 19:14:52,84,-8.15,159.59,80.15,11.83
593,fortuna foothills,1,US,2019-09-29 19:14:52,24,32.66,-114.41,80.01,9.17
594,bangolo,37,CI,2019-09-29 19:14:52,73,7.01,-7.49,80.51,2.39
595,pringsewu,83,ID,2019-09-29 19:14:52,95,-5.36,104.98,72.05,2.73
596,aakirkeby,,,,,,,,
597,rapid city,90,US,2019-09-29 19:14:52,88,44.08,-103.23,63,4.7
598,olafsvik,,,,,,,,
599,ancud,75,CL,2019-09-29 19:14:52,61,-41.87,-73.83,50,16.11
600,naze,40,NG,2019-09-29 19:14:53,83,5.43,7.07,80.6,6.93
601,zhanaozen,11,KZ,2019-09-29 19:14:53,61,43.35,52.85,57.83,6.67
602,shitanjing,0,CN,2019-09-29 19:14:53,19,39.23,106.34,69.01,3
603,maridi,,,,,,,,
604,kyabe,74,TD,2019-09-29 19:14:53,95,9.45,18.94,71.51,2.86
605,burr ridge,90,US,2019-09-29 19:14:53,94,41.75,-87.92,70,5.84
606,awbari,0,LY,2019-09-29 19:14:54,26,26.59,12.77,83.03,10.76
607,pingzhuang,,,,,,,,
608,mount isa,0,AU,2019-09-29 19:14:54,14,-20.73,139.49,78.8,8.05
609,lamlash,75,GB,2019-09-29 19:14:54,76,55.53,-5.13,57.2,10.29
610,vung tau,20,VN,2019-09-29 19:14:54,85,10.35,107.08,79.43,7.74
611,yarada,75,IN,2019-09-29 19:14:54,88,17.65,83.27,80.6,2.24
